{"cameraMode":{"drawMode":0,"name":"Shaded","section":"Shading Mode"},"sceneLighting":false,"audioPlay":false,"sceneViewState":{"m_AlwaysRefresh":false,"showFog":false,"showSkybox":false,"showFlares":false,"showImageEffects":false,"showParticleSystems":false,"showVisualEffectGraphs":false,"m_FxEnabled":true},"in2DMode":false,"pivot":{"x":-0.0003872513771057129,"y":0.766441822052002,"z":0.02615410089492798},"rotation":{"x":-0.09560731053352356,"y":0.899915874004364,"z":-0.2496458739042282,"w":-0.3446047604084015},"size":1.2292723655700684,"orthographic":false}