{"cameraMode":{"drawMode":0,"name":"Shaded","section":"Shading Mode"},"sceneLighting":true,"audioPlay":false,"sceneViewState":{"m_AlwaysRefresh":false,"showFog":false,"showSkybox":false,"showFlares":false,"showImageEffects":false,"showParticleSystems":false,"showVisualEffectGraphs":false,"m_FxEnabled":true},"in2DMode":false,"pivot":{"x":1.106642723083496,"y":-0.7339291572570801,"z":3.4901437759399416},"rotation":{"x":0.23419789969921113,"y":0.016601480543613435,"z":-0.003915511537343264,"w":0.9721212387084961},"size":6.948051929473877,"orthographic":false}