{"cameraMode":{"drawMode":0,"name":"Shaded","section":"Shading Mode"},"sceneLighting":true,"audioPlay":false,"sceneViewState":{"m_AlwaysRefresh":false,"showFog":false,"showSkybox":false,"showFlares":false,"showImageEffects":false,"showParticleSystems":false,"showVisualEffectGraphs":false,"m_FxEnabled":true},"in2DMode":false,"pivot":{"x":1.9363765716552735,"y":-0.4340999126434326,"z":8.264418601989746},"rotation":{"x":0.14104485511779786,"y":0.07474146783351898,"z":-0.010604352690279484,"w":0.9871963262557983},"size":6.948051929473877,"orthographic":false}