{"cameraMode":{"drawMode":0,"name":"Shaded","section":"Shading Mode"},"sceneLighting":true,"audioPlay":false,"sceneViewState":{"m_AlwaysRefresh":false,"showFog":false,"showSkybox":false,"showFlares":false,"showImageEffects":false,"showParticleSystems":false,"showVisualEffectGraphs":false,"m_FxEnabled":true},"in2DMode":false,"pivot":{"x":0.29247599840164187,"y":-0.18503344058990479,"z":8.63706111907959},"rotation":{"x":0.059376802295446399,"y":0.00804927945137024,"z":-0.0003775103250518441,"w":0.9982902407646179},"size":6.948051929473877,"orthographic":false}