{"cameraMode":{"drawMode":0,"name":"Shaded","section":"Shading Mode"},"sceneLighting":true,"audioPlay":false,"sceneViewState":{"m_AlwaysRefresh":false,"showFog":false,"showSkybox":false,"showFlares":false,"showImageEffects":false,"showParticleSystems":false,"showVisualEffectGraphs":false,"m_FxEnabled":true},"in2DMode":false,"pivot":{"x":130.76547241210938,"y":48.54037857055664,"z":-136.36505126953126},"rotation":{"x":0.010735446587204934,"y":-0.34887781739234927,"z":0.0038736138958483936,"w":0.9371984004974365},"size":6.753753662109375,"orthographic":false}